active_indices,spoke_counts,sdp_t,sdp_lambda_min,sdp_log_product,sdp_gap,de_failed,de_lambda_min,de_log_product,de_converged
0 1 2 3 4 5 6 8 11,"O-M:3,O-B:3,O-N:2,O-A:1",0.00986800,0.00578082,-18.539126,4.087e-03,False,0.00636125,-16.886404,False
0 1 2 3 4 5 6 7 10,"O-M:3,O-B:3,O-N:2,O-A:1",0.00301005,0.00301005,-19.007031,-1.948e-10,False,0.00300992,-18.890986,False
0 1 2 3 4 5 6 7 8,"O-M:3,O-B:3,O-N:3,O-A:0",0.00419493,0.00419494,-18.015813,-3.347e-10,False,0.00419493,-18.005020,False
0 1 2 3 4 5 6 8 10,"O-M:3,O-B:3,O-N:2,O-A:1",0.00750805,0.00479288,-19.211101,2.715e-03,False,0.00598133,-17.012972,False
0 1 2 3 4 5 6 7 11,"O-M:3,O-B:3,O-N:2,O-A:1",0.00346015,0.00179504,-22.756569,1.665e-03,False,0.00345964,-21.688987,False
0 1 2 3 4 5 6 10 11,"O-M:3,O-B:3,O-N:1,O-A:2",0.00475588,0.00050924,-24.331214,4.247e-03,False,0.00475213,-21.238549,False
0 1 2 3 4 5 6 9 10,"O-M:3,O-B:3,O-N:1,O-A:2",0.00074193,0.00074193,-19.587122,-1.727e-10,False,0.00074191,-19.632615,False
0 1 2 3 4 5 7 8 10,"O-M:3,O-B:3,O-N:2,O-A:1",0.00957131,0.00483991,-17.302683,4.731e-03,False,0.00595116,-16.177029,False
0 1 2 3 4 5 7 8 11,"O-M:3,O-B:3,O-N:2,O-A:1",0.00674594,0.00490953,-19.707435,1.836e-03,False,0.00602399,-17.540395,False
0 1 2 3 4 5 6 7 9,"O-M:3,O-B:3,O-N:2,O-A:1",0.00148066,0.00099211,-24.759232,4.885e-04,False,0.00147944,-22.875377,False
0 1 2 3 4 5 8 9 10,"O-M:3,O-B:3,O-N:1,O-A:2",0.00311259,0.00311259,-17.501539,-3.187e-10,False,0.00311225,-17.511016,False
0 1 2 3 4 5 7 9 10,"O-M:3,O-B:3,O-N:1,O-A:2",0.00254563,0.00254564,-16.346492,-1.435e-09,False,0.00254540,-16.289549,False
0 1 2 3 4 5 6 8 9,"O-M:3,O-B:3,O-N:2,O-A:1",0.00387061,0.00039589,-30.540647,3.475e-03,False,0.00386918,-26.144951,False
0 1 2 3 4 5 6 9 11,"O-M:3,O-B:3,O-N:1,O-A:2",0.00190960,0.00190960,-24.841252,-1.345e-10,True,,,False
0 1 2 3 4 5 9 10 11,"O-M:3,O-B:3,O-N:0,O-A:3",0.00472322,0.00472322,-16.620955,-2.482e-10,False,0.00472322,-16.614542,False
0 1 2 3 4 5 7 8 9,"O-M:3,O-B:3,O-N:2,O-A:1",0.00671830,0.00318777,-22.089041,3.531e-03,False,0.00627978,-18.985635,False
0 1 2 3 4 5 8 9 11,"O-M:3,O-B:3,O-N:1,O-A:2",0.00483108,0.00056277,-24.500905,4.268e-03,False,0.00482708,-21.701118,False
0 1 2 3 4 6 7 8 9,"O-M:3,O-B:2,O-N:3,O-A:1",0.00270027,0.00270027,-19.325575,-4.970e-10,False,0.00270013,-19.323916,False
0 1 2 3 4 5 7 9 11,"O-M:3,O-B:3,O-N:1,O-A:2",0.00330964,0.00133593,-23.569361,1.974e-03,True,,,False
0 1 2 3 4 6 7 8 11,"O-M:3,O-B:2,O-N:3,O-A:1",0.00641730,0.00641730,-18.221592,-3.937e-10,False,0.00641725,-18.207826,False
0 1 2 3 4 5 7 10 11,"O-M:3,O-B:3,O-N:1,O-A:2",0.00452128,0.00452129,-23.242281,-1.424e-09,True,,,False
0 1 2 3 4 6 7 9 11,"O-M:3,O-B:2,O-N:2,O-A:2",0.00133679,0.00133679,-20.242088,-1.529e-09,False,0.00133666,-20.210107,False
0 1 2 3 4 5 8 10 11,"O-M:3,O-B:3,O-N:1,O-A:2",0.00347042,0.00347042,-25.309712,-3.160e-10,False,0.00346963,-24.385198,False
0 1 2 3 4 6 7 8 10,"O-M:3,O-B:2,O-N:3,O-A:1",0.00635631,0.00635631,-18.161289,-4.821e-10,False,0.00635623,-18.197404,False
0 1 2 3 4 6 8 9 10,"O-M:3,O-B:2,O-N:2,O-A:2",0.00403842,0.00403842,-15.438630,-8.621e-11,False,0.00403842,-15.344500,False
0 1 2 3 4 6 9 10 11,"O-M:3,O-B:2,O-N:1,O-A:3",0.00074193,0.00074193,-19.587286,-6.332e-10,False,0.00074181,-19.542465,False
0 1 2 3 4 6 8 9 11,"O-M:3,O-B:2,O-N:2,O-A:2",0.00680025,0.00196865,-19.759179,4.832e-03,False,0.00679295,-17.612785,False
0 1 2 3 4 6 8 10 11,"O-M:3,O-B:2,O-N:2,O-A:2",0.00726355,0.00054599,-25.924703,6.718e-03,False,0.00419229,-18.419289,False
0 1 2 3 4 6 7 10 11,"O-M:3,O-B:2,O-N:2,O-A:2",0.00285800,0.00173532,-19.499192,1.123e-03,False,0.00283739,-18.745610,False
0 1 2 3 4 7 9 10 11,"O-M:3,O-B:2,O-N:1,O-A:3",0.00254564,0.00254564,-16.349655,-1.151e-09,False,0.00254558,-16.368720,False
0 1 2 3 4 7 8 9 10,"O-M:3,O-B:2,O-N:2,O-A:2",0.00653792,0.00597907,-14.597163,5.588e-04,False,0.00611584,-16.532435,False
0 1 2 3 5 6 7 8 9,"O-M:3,O-B:2,O-N:3,O-A:1",0.00348119,0.00348008,-24.379664,1.114e-06,False,0.00348078,-24.331871,False
0 1 2 3 4 6 7 9 10,"O-M:3,O-B:2,O-N:2,O-A:2",0.00000000,0.00000000,-inf,0.000e+00,True,,,False
0 1 2 3 4 8 9 10 11,"O-M:3,O-B:2,O-N:1,O-A:3",0.00311259,0.00311259,-17.502332,-2.630e-10,False,0.00311248,-17.476451,False
0 1 2 3 4 7 8 10 11,"O-M:3,O-B:2,O-N:2,O-A:2",0.00918303,0.00031675,-22.327806,8.866e-03,False,0.00865652,-15.890176,False
0 1 2 3 4 7 8 9 11,"O-M:3,O-B:2,O-N:2,O-A:2",0.00705100,0.00010180,-22.480625,6.949e-03,False,0.00421898,-17.320375,False
0 1 2 3 5 6 7 9 10,"O-M:3,O-B:2,O-N:2,O-A:2",0.00133679,0.00133679,-20.239145,-1.355e-09,False,0.00133671,-19.480268,False
0 1 2 3 5 6 7 9 11,"O-M:3,O-B:2,O-N:2,O-A:2",0.00331365,0.00331365,-18.194938,-5.531e-11,False,0.00331365,-17.370217,False
0 1 2 3 5 6 8 10 11,"O-M:3,O-B:2,O-N:2,O-A:2",0.01013217,0.00158268,-25.128790,8.549e-03,False,0.00713858,-18.459846,False
0 1 2 3 5 6 7 8 11,"O-M:3,O-B:2,O-N:3,O-A:1",0.00927063,0.00870263,-20.669946,5.680e-04,False,0.00925856,-20.005891,False
0 1 2 3 5 7 8 9 10,"O-M:3,O-B:2,O-N:2,O-A:2",0.00705100,0.00010224,-22.476420,6.949e-03,False,0.00421912,-17.932673,False
0 1 2 3 5 6 7 8 10,"O-M:3,O-B:2,O-N:3,O-A:1",0.00733598,0.00232984,-23.127866,5.006e-03,True,,,False
0 1 2 3 5 7 8 9 11,"O-M:3,O-B:2,O-N:2,O-A:2",0.00936469,0.00289801,-17.715322,6.467e-03,False,0.00293783,-18.497162,False
0 1 2 3 5 6 8 9 11,"O-M:3,O-B:2,O-N:2,O-A:2",0.01034904,0.00349986,-19.878156,6.849e-03,False,0.00905762,-20.406857,False
0 1 2 3 5 6 9 10 11,"O-M:3,O-B:2,O-N:1,O-A:3",0.00190960,0.00190960,-24.841079,-1.359e-10,False,0.00190922,-24.449050,False
0 1 2 3 5 6 7 10 11,"O-M:3,O-B:2,O-N:2,O-A:2",0.00381915,0.00000082,-31.142525,3.818e-03,True,,,False
0 1 2 3 5 6 8 9 10,"O-M:3,O-B:2,O-N:2,O-A:2",0.00680025,0.00196846,-19.759289,4.832e-03,False,0.00679354,-17.668278,False
0 1 2 3 5 8 9 10 11,"O-M:3,O-B:2,O-N:1,O-A:3",0.00483108,0.00056858,-24.490248,4.262e-03,False,0.00482649,-21.998706,False
0 1 2 3 6 7 8 9 10,"O-M:3,O-B:1,O-N:3,O-A:2",0.00270027,0.00270027,-19.323981,-1.525e-09,False,0.00270014,-19.304199,False
0 1 2 3 6 7 8 10 11,"O-M:3,O-B:1,O-N:3,O-A:2",0.00672829,0.00672829,-20.521455,-1.674e-10,False,0.00672440,-20.626003,False
0 1 2 3 6 7 9 10 11,"O-M:3,O-B:1,O-N:2,O-A:3",0.00148065,0.00099455,-24.755269,4.861e-04,False,0.00147974,-22.718351,False
0 1 2 3 5 7 8 10 11,"O-M:3,O-B:2,O-N:2,O-A:2",0.00983155,0.00288809,-22.391377,6.943e-03,True,,,False
0 1 2 3 5 7 9 10 11,"O-M:3,O-B:2,O-N:1,O-A:3",0.00330964,0.00133262,-23.572477,1.977e-03,False,0.00330721,-22.452461,False
0 1 2 3 6 8 9 10 11,"O-M:3,O-B:1,O-N:2,O-A:3",0.00387061,0.00039388,-30.551041,3.477e-03,False,0.00386796,-26.006662,False
0 1 2 3 7 8 9 10 11,"O-M:3,O-B:1,O-N:2,O-A:3",0.00671831,0.00318780,-22.088970,3.531e-03,False,0.00627806,-20.122405,False
0 1 2 4 5 6 7 8 11,"O-M:3,O-B:2,O-N:3,O-A:1",0.00720562,0.00648112,-23.208028,7.245e-04,False,0.00690930,-18.330216,False
0 1 2 3 6 7 8 9 11,"O-M:3,O-B:1,O-N:3,O-A:2",0.00348119,0.00348082,-24.380096,3.662e-07,True,,,False
0 1 2 4 5 6 7 8 9,"O-M:3,O-B:2,O-N:3,O-A:1",0.00672829,0.00672829,-20.521460,-1.608e-10,True,,,False
0 1 2 4 5 6 8 10 11,"O-M:3,O-B:2,O-N:2,O-A:2",0.00966211,0.00269504,-17.713794,6.967e-03,False,0.00293866,-21.935893,False
0 1 2 4 5 6 7 8 10,"O-M:3,O-B:2,O-N:3,O-A:1",0.00931145,0.00508613,-19.415125,4.225e-03,False,0.00839564,-17.686191,False
0 1 2 4 5 6 9 10 11,"O-M:3,O-B:2,O-N:1,O-A:3",0.00475588,0.00051634,-24.318259,4.240e-03,False,0.00475244,-21.060097,False
0 1 2 4 5 6 7 9 10,"O-M:3,O-B:2,O-N:2,O-A:2",0.00285801,0.00173659,-19.496191,1.121e-03,True,,,False
0 1 2 4 5 7 8 9 11,"O-M:3,O-B:2,O-N:2,O-A:2",0.00983154,0.00288869,-22.391937,6.943e-03,False,0.00719114,-16.560396,False
0 1 2 4 5 6 7 9 11,"O-M:3,O-B:2,O-N:2,O-A:2",0.00381916,0.00000083,-31.137648,3.818e-03,True,,,False
0 1 2 4 5 6 7 10 11,"O-M:3,O-B:2,O-N:2,O-A:2",0.00463151,0.00318274,-16.278881,1.449e-03,True,,,False
0 1 2 4 5 6 8 9 10,"O-M:3,O-B:2,O-N:2,O-A:2",0.00726355,0.00054582,-25.925140,6.718e-03,True,,,False
0 1 2 4 5 6 8 9 11,"O-M:3,O-B:2,O-N:2,O-A:2",0.01013217,0.00158268,-25.128689,8.549e-03,True,,,False
0 1 2 4 5 8 9 10 11,"O-M:3,O-B:2,O-N:1,O-A:3",0.00347042,0.00347042,-25.304098,-7.194e-11,False,0.00346886,-24.897364,False
0 1 2 4 6 7 8 9 10,"O-M:3,O-B:1,O-N:3,O-A:2",0.00635631,0.00635631,-18.157999,-1.696e-10,False,0.00635616,-18.102352,False
0 1 2 4 6 7 9 10 11,"O-M:3,O-B:1,O-N:2,O-A:3",0.00301005,0.00301005,-19.004098,-1.301e-10,False,0.00300996,-19.904792,False
0 1 2 4 6 8 9 10 11,"O-M:3,O-B:1,O-N:2,O-A:3",0.00750805,0.00479290,-19.210108,2.715e-03,False,0.00598134,-16.978296,False
0 1 2 4 6 7 8 10 11,"O-M:3,O-B:1,O-N:3,O-A:2",0.00931145,0.00508609,-19.415176,4.225e-03,False,0.00839614,-17.691759,False
0 1 2 4 7 8 9 10 11,"O-M:3,O-B:1,O-N:2,O-A:3",0.00957131,0.00483991,-17.302683,4.731e-03,False,0.00595111,-16.214119,False
0 1 2 4 5 7 8 9 10,"O-M:3,O-B:2,O-N:2,O-A:2",0.00918303,0.00031210,-22.344933,8.871e-03,True,,,False
0 1 2 4 5 7 9 10 11,"O-M:3,O-B:2,O-N:1,O-A:3",0.00452128,0.00452129,-23.247212,-1.141e-09,False,0.00452105,-22.148509,False
0 1 2 5 6 7 8 9 10,"O-M:3,O-B:1,O-N:3,O-A:2",0.00641730,0.00641730,-18.224340,-1.260e-09,False,0.00641716,-18.507359,False
0 1 2 5 6 7 9 10 11,"O-M:3,O-B:1,O-N:2,O-A:3",0.00346015,0.00175636,-22.783707,1.704e-03,False,0.00345990,-21.841767,False
0 1 2 5 6 8 9 10 11,"O-M:3,O-B:1,O-N:2,O-A:3",0.00986800,0.00578139,-18.538742,4.087e-03,False,0.00636123,-16.868071,False
0 1 2 4 5 7 8 10 11,"O-M:3,O-B:2,O-N:2,O-A:2",0.01088960,0.00003977,-28.368340,1.085e-02,True,,,False
0 1 2 5 7 8 9 10 11,"O-M:3,O-B:1,O-N:2,O-A:3",0.00674594,0.00490952,-19.707634,1.836e-03,False,0.00602423,-17.573498,False
0 1 2 4 6 7 8 9 11,"O-M:3,O-B:1,O-N:3,O-A:2",0.00733598,0.00233725,-23.124133,4.999e-03,True,,,False
0 1 2 6 7 8 9 10 11,"O-M:3,O-B:0,O-N:3,O-A:3",0.00419493,0.00419494,-18.015784,-3.865e-10,False,0.00419493,-18.001102,False
0 1 3 4 5 6 7 8 11,"O-M:2,O-B:3,O-N:3,O-A:1",0.00350871,0.00350871,-19.198376,-1.555e-09,False,0.00350869,-19.208477,False
0 1 2 5 6 7 8 10 11,"O-M:3,O-B:1,O-N:3,O-A:2",0.00720562,0.00648185,-23.202044,7.238e-04,False,0.00690942,-18.380489,False
0 1 2 5 6 7 8 9 11,"O-M:3,O-B:1,O-N:3,O-A:2",0.00927063,0.00870250,-20.670261,5.681e-04,True,,,False
0 1 3 4 5 6 8 9 11,"O-M:2,O-B:3,O-N:2,O-A:2",0.00166778,0.00166778,-22.318458,-3.746e-10,False,0.00166760,-22.459459,False
0 1 3 4 5 6 7 8 9,"O-M:2,O-B:3,O-N:3,O-A:1",0.00155231,0.00045948,-23.348750,1.093e-03,False,0.00155183,-22.193536,False
0 1 3 4 5 6 8 9 10,"O-M:2,O-B:3,O-N:2,O-A:2",0.00216367,0.00012373,-24.820414,2.040e-03,False,0.00216062,-21.173589,False
0 1 3 4 5 6 8 10 11,"O-M:2,O-B:3,O-N:2,O-A:2",0.00289076,0.00002922,-25.271944,2.862e-03,False,0.00289060,-20.771095,False
0 1 3 4 5 6 7 9 10,"O-M:2,O-B:3,O-N:2,O-A:2",0.00000000,0.00000000,-inf,0.000e+00,True,,,False
0 1 3 4 5 6 7 8 10,"O-M:2,O-B:3,O-N:3,O-A:1",0.00307479,0.00194960,-18.800908,1.125e-03,True,,,False
0 1 3 4 5 6 7 9 11,"O-M:2,O-B:3,O-N:2,O-A:2",0.00000000,0.00000000,-inf,0.000e+00,True,,,False
0 1 3 4 5 6 7 10 11,"O-M:2,O-B:3,O-N:2,O-A:2",0.00000000,0.00000000,-inf,0.000e+00,True,,,False
0 1 3 4 5 7 8 10 11,"O-M:2,O-B:3,O-N:2,O-A:2",0.00473283,0.00024452,-22.213032,4.488e-03,False,0.00470519,-18.673283,False
0 1 3 4 5 8 9 10 11,"O-M:2,O-B:3,O-N:1,O-A:3",0.00073525,0.00009809,-33.563070,6.372e-04,False,0.00073515,-29.140997,False
0 1 3 4 6 7 8 9 11,"O-M:2,O-B:2,O-N:3,O-A:2",0.00134486,0.00134486,-20.401861,-1.270e-10,False,0.00134475,-20.133969,False
0 1 3 4 5 6 9 10 11,"O-M:2,O-B:3,O-N:1,O-A:3",0.00000000,0.00000000,-inf,0.000e+00,True,,,False
0 1 3 4 5 7 8 9 10,"O-M:2,O-B:3,O-N:2,O-A:2",0.00282881,0.00282881,-16.878721,-7.291e-11,True,,,False
0 1 3 4 6 8 9 10 11,"O-M:2,O-B:2,O-N:2,O-A:3",0.00216367,0.00012408,-24.817310,2.040e-03,False,0.00216029,-20.928502,False
0 1 3 4 5 7 9 10 11,"O-M:2,O-B:3,O-N:1,O-A:3",0.00000000,0.00000000,-inf,0.000e+00,True,,,False
0 1 3 4 5 7 8 9 11,"O-M:2,O-B:3,O-N:2,O-A:2",0.00399995,0.00215894,-17.914118,1.841e-03,True,,,False
0 1 3 4 6 7 8 9 10,"O-M:2,O-B:2,O-N:3,O-A:2",0.00000000,0.00000000,-inf,0.000e+00,True,,,False
0 1 3 5 6 7 8 9 10,"O-M:2,O-B:2,O-N:3,O-A:2",0.00134486,0.00134486,-20.401687,-1.879e-10,False,0.00134480,-20.193030,False
0 1 3 5 6 7 8 9 11,"O-M:2,O-B:2,O-N:3,O-A:2",0.00332918,0.00332918,-18.254259,-1.248e-10,False,0.00332918,-17.642872,False
0 1 3 5 6 8 9 10 11,"O-M:2,O-B:2,O-N:2,O-A:3",0.00166778,0.00166778,-22.323873,-3.001e-10,False,0.00166758,-22.135695,False
0 1 3 4 6 7 9 10 11,"O-M:2,O-B:2,O-N:2,O-A:3",0.00000000,0.00000000,-inf,0.000e+00,True,,,False
0 1 3 4 6 7 8 10 11,"O-M:2,O-B:2,O-N:3,O-A:2",0.00290083,0.00085926,-22.700663,2.042e-03,True,,,False
0 1 3 6 7 8 9 10 11,"O-M:2,O-B:1,O-N:3,O-A:3",0.00155231,0.00046044,-23.347341,1.092e-03,False,0.00155154,-21.565611,False
0 1 4 5 6 7 8 9 11,"O-M:2,O-B:2,O-N:3,O-A:2",0.00383782,0.00000015,-32.474408,3.838e-03,False,0.00370981,-23.263273,False
0 1 3 5 7 8 9 10 11,"O-M:2,O-B:2,O-N:2,O-A:3",0.00399995,0.00215882,-17.914240,1.841e-03,False,0.00365202,-21.133033,False
0 1 4 5 6 8 9 10 11,"O-M:2,O-B:2,O-N:2,O-A:3",0.00289076,0.00002794,-25.320134,2.863e-03,False,0.00289056,-19.605749,False
0 1 3 4 7 8 9 10 11,"O-M:2,O-B:2,O-N:2,O-A:3",0.00282881,0.00282881,-16.879754,-1.421e-10,True,,,False
0 1 4 5 6 7 8 10 11,"O-M:2,O-B:2,O-N:3,O-A:2",0.00464135,0.00332035,-16.471607,1.321e-03,False,0.00413562,-20.652894,False
0 1 3 5 6 7 8 10 11,"O-M:2,O-B:2,O-N:3,O-A:2",0.00383782,0.00000015,-32.479652,3.838e-03,True,,,False
0 1 3 5 6 7 9 10 11,"O-M:2,O-B:2,O-N:2,O-A:3",0.00000000,0.00000000,-inf,0.000e+00,True,,,False
0 1 5 6 7 8 9 10 11,"O-M:2,O-B:1,O-N:3,O-A:3",0.00350871,0.00350871,-19.197965,-1.530e-10,False,0.00350865,-19.337937,False
0 1 4 5 6 7 8 9 10,"O-M:2,O-B:2,O-N:3,O-A:2",0.00290083,0.00085234,-22.707795,2.048e-03,True,,,False
0 2 3 4 5 6 7 8 10,"O-M:2,O-B:3,O-N:3,O-A:1",0.00703981,0.00005016,-26.714898,6.990e-03,False,0.00599169,-18.297955,False
0 1 4 5 6 7 9 10 11,"O-M:2,O-B:2,O-N:2,O-A:3",0.00000000,0.00000000,-inf,0.000e+00,True,,,False
0 2 3 4 5 6 7 9 10,"O-M:2,O-B:3,O-N:2,O-A:2",0.00217208,0.00001667,-25.744613,2.155e-03,False,0.00216529,-19.971071,False
0 1 4 5 7 8 9 10 11,"O-M:2,O-B:2,O-N:2,O-A:3",0.00473283,0.00024338,-22.213849,4.489e-03,True,,,False
0 1 4 6 7 8 9 10 11,"O-M:2,O-B:1,O-N:3,O-A:3",0.00307479,0.00194691,-18.801828,1.128e-03,True,,,False
0 2 3 4 5 6 7 8 11,"O-M:2,O-B:3,O-N:3,O-A:1",0.00437595,0.00015589,-25.948309,4.220e-03,False,0.00412671,-23.272992,False
0 2 3 4 5 6 7 8 9,"O-M:2,O-B:3,O-N:3,O-A:1",0.00234980,0.00003195,-27.714087,2.318e-03,True,,,False
0 2 3 4 5 6 7 10 11,"O-M:2,O-B:3,O-N:2,O-A:2",0.00232878,0.00001272,-28.699530,2.316e-03,False,0.00232580,-22.536630,False
0 2 3 4 5 6 9 10 11,"O-M:2,O-B:3,O-N:1,O-A:3",0.00118955,0.00001674,-29.339540,1.173e-03,False,0.00118955,-20.896166,False
0 2 3 4 5 7 8 9 10,"O-M:2,O-B:3,O-N:2,O-A:2",0.00575311,0.00129353,-19.250988,4.460e-03,False,0.00347661,-21.073353,False
0 2 3 4 5 7 8 9 11,"O-M:2,O-B:3,O-N:2,O-A:2",0.00381880,0.00070837,-20.242784,3.110e-03,False,0.00161280,-26.263868,False
0 2 3 4 5 7 9 10 11,"O-M:2,O-B:3,O-N:1,O-A:3",0.00220145,0.00155934,-20.039582,6.421e-04,False,0.00220145,-15.539747,False
0 2 3 4 5 6 7 9 11,"O-M:2,O-B:3,O-N:2,O-A:2",0.00253876,0.00012410,-23.431466,2.415e-03,True,,,False
0 2 3 4 5 8 9 10 11,"O-M:2,O-B:3,O-N:1,O-A:3",0.00422170,0.00320642,-21.586251,1.015e-03,False,0.00422170,-18.036516,False
0 2 3 4 6 7 8 9 10,"O-M:2,O-B:2,O-N:3,O-A:2",0.00387321,0.00387321,-15.090860,-5.304e-11,False,0.00387321,-15.020361,False
0 2 3 4 6 7 8 10 11,"O-M:2,O-B:2,O-N:3,O-A:2",0.00731160,0.00731161,-18.446097,-1.089e-09,False,0.00731138,-18.253199,False
0 2 3 4 5 6 8 9 10,"O-M:2,O-B:3,O-N:2,O-A:2",0.00528254,0.00004158,-24.060956,5.241e-03,True,,,False
0 2 3 4 6 7 9 10 11,"O-M:2,O-B:2,O-N:2,O-A:3",0.00217207,0.00001679,-25.729590,2.155e-03,False,0.00216470,-20.704977,False
0 2 3 4 5 6 8 9 11,"O-M:2,O-B:3,O-N:2,O-A:2",0.00414470,0.00006465,-26.342560,4.080e-03,True,,,False
0 2 3 4 5 6 8 10 11,"O-M:2,O-B:3,O-N:2,O-A:2",0.00842461,0.00189927,-18.904378,6.525e-03,True,,,False
0 2 3 4 6 8 9 10 11,"O-M:2,O-B:2,O-N:2,O-A:3",0.00528254,0.00004157,-24.059212,5.241e-03,False,0.00508668,-21.825605,False
0 2 3 5 6 7 8 9 10,"O-M:2,O-B:2,O-N:3,O-A:2",0.00119077,0.00005654,-31.901995,1.134e-03,False,0.00117909,-27.603855,False
0 2 3 4 5 7 8 10 11,"O-M:2,O-B:3,O-N:2,O-A:2",0.00580461,0.00000003,-31.557365,5.805e-03,True,,,False
0 2 3 5 7 8 9 10 11,"O-M:2,O-B:2,O-N:2,O-A:3",0.00381880,0.00070836,-20.242846,3.110e-03,False,0.00161461,-26.951297,False
0 2 3 4 6 7 8 9 11,"O-M:2,O-B:2,O-N:3,O-A:2",0.00119077,0.00005654,-31.904146,1.134e-03,True,,,False
0 2 3 6 7 8 9 10 11,"O-M:2,O-B:1,O-N:3,O-A:3",0.00234980,0.00003194,-27.714391,2.318e-03,False,0.00232436,-24.519180,False
0 2 4 5 6 7 8 9 10,"O-M:2,O-B:2,O-N:3,O-A:2",0.00731160,0.00731161,-18.445733,-1.094e-09,False,0.00731118,-18.458119,False
0 2 3 5 6 7 8 9 11,"O-M:2,O-B:2,O-N:3,O-A:2",0.00000000,0.00000000,-inf,0.000e+00,True,,,False
0 2 3 4 7 8 9 10 11,"O-M:2,O-B:2,O-N:2,O-A:3",0.00575311,0.00129338,-19.251172,4.460e-03,False,0.00354384,-20.811954,False
0 2 3 5 6 7 8 10 11,"O-M:2,O-B:2,O-N:3,O-A:2",0.00421694,0.00000668,-27.211424,4.210e-03,True,,,False
0 2 4 5 6 7 8 10 11,"O-M:2,O-B:2,O-N:3,O-A:2",0.00794202,0.00540465,-20.430575,2.537e-03,False,0.00794185,-20.687416,False
0 2 3 5 6 7 9 10 11,"O-M:2,O-B:2,O-N:2,O-A:3",0.00253876,0.00012422,-23.431432,2.415e-03,True,,,False
0 2 4 5 6 7 9 10 11,"O-M:2,O-B:2,O-N:2,O-A:3",0.00232878,0.00001257,-28.703153,2.316e-03,False,0.00232586,-22.438549,False
0 2 3 5 6 8 9 10 11,"O-M:2,O-B:2,O-N:2,O-A:3",0.00414470,0.00006433,-26.349672,4.080e-03,True,,,False
0 3 4 5 6 7 8 9 10,"O-M:1,O-B:3,O-N:3,O-A:2",0.00094084,0.00094085,-20.461243,-1.196e-09,False,0.00094080,-20.331140,False
0 3 4 5 6 7 8 9 11,"O-M:1,O-B:3,O-N:3,O-A:2",0.00137097,0.00137097,-25.123277,-9.529e-10,False,0.00137070,-24.718908,False
0 2 4 5 6 8 9 10 11,"O-M:2,O-B:2,O-N:2,O-A:3",0.00842461,0.00190086,-18.901786,6.524e-03,False,0.00839318,-17.488395,False
0 3 4 5 6 7 8 10 11,"O-M:1,O-B:3,O-N:3,O-A:2",0.00479402,0.00479402,-21.686492,-2.843e-10,False,0.00479387,-21.678969,False
0 2 4 5 6 7 8 9 11,"O-M:2,O-B:2,O-N:3,O-A:2",0.00421694,0.00000681,-27.193929,4.210e-03,True,,,False
0 3 4 5 6 8 9 10 11,"O-M:1,O-B:3,O-N:2,O-A:3",0.00141445,0.00079379,-26.370719,6.207e-04,False,0.00141445,-22.300284,False
0 3 4 5 7 8 9 10 11,"O-M:1,O-B:3,O-N:2,O-A:3",0.00480348,0.00348353,-20.212546,1.320e-03,False,0.00480348,-21.318311,False
0 3 4 6 7 8 9 10 11,"O-M:1,O-B:2,O-N:3,O-A:3",0.00094085,0.00094085,-20.460612,-3.659e-10,False,0.00094069,-20.367194,False
0 2 4 6 7 8 9 10 11,"O-M:2,O-B:1,O-N:3,O-A:3",0.00703981,0.00005016,-26.716352,6.990e-03,False,0.00599391,-18.355043,False
0 2 4 5 7 8 9 10 11,"O-M:2,O-B:2,O-N:2,O-A:3",0.00580461,0.00000002,-32.028083,5.805e-03,True,,,False
0 4 5 6 7 8 9 10 11,"O-M:1,O-B:2,O-N:3,O-A:3",0.00479402,0.00479402,-21.688766,-9.372e-10,False,0.00479379,-21.636113,False
0 2 5 6 7 8 9 10 11,"O-M:2,O-B:1,O-N:3,O-A:3",0.00437595,0.00015581,-25.949848,4.220e-03,True,,,False
0 3 4 5 6 7 9 10 11,"O-M:1,O-B:3,O-N:2,O-A:3",0.00000000,0.00000000,-inf,0.000e+00,True,,,False
0 3 5 6 7 8 9 10 11,"O-M:1,O-B:2,O-N:3,O-A:3",0.00137097,0.00137097,-25.119778,-1.094e-09,False,0.00137036,-24.928808,False
1 2 3 4 5 6 7 8 9,"O-M:2,O-B:3,O-N:3,O-A:1",0.00645360,0.00047466,-25.512560,5.979e-03,False,0.00573360,-20.939415,False
1 2 3 4 5 6 7 8 10,"O-M:2,O-B:3,O-N:3,O-A:1",0.00693866,0.00003192,-24.028963,6.907e-03,True,,,False
1 2 3 4 5 6 7 8 11,"O-M:2,O-B:3,O-N:3,O-A:1",0.00741716,0.00070602,-25.055390,6.711e-03,True,,,False
1 2 3 4 5 6 7 9 10,"O-M:2,O-B:3,O-N:2,O-A:2",0.00286649,0.00014957,-23.121944,2.717e-03,True,,,False
1 2 3 4 5 6 7 9 11,"O-M:2,O-B:3,O-N:2,O-A:2",0.00295595,0.00004487,-28.485016,2.911e-03,False,0.00289600,-21.519681,False
1 2 3 4 5 6 9 10 11,"O-M:2,O-B:3,O-N:1,O-A:3",0.00438975,0.00032583,-25.180920,4.064e-03,False,0.00438975,-20.078692,False
1 2 3 4 5 6 7 10 11,"O-M:2,O-B:3,O-N:2,O-A:2",0.00426086,0.00040840,-21.446398,3.852e-03,True,,,False
1 2 3 4 5 7 9 10 11,"O-M:2,O-B:3,O-N:1,O-A:3",0.00400468,0.00034912,-21.341723,3.656e-03,False,0.00400468,-15.117525,False
1 2 3 4 5 6 8 9 10,"O-M:2,O-B:3,O-N:2,O-A:2",0.00733034,0.00017253,-23.068018,7.158e-03,False,0.00357253,-23.100606,False
1 2 3 4 5 6 8 10 11,"O-M:2,O-B:3,O-N:2,O-A:2",0.00664779,0.00005370,-26.208023,6.594e-03,False,0.00161405,-24.866437,False
1 2 3 4 5 7 8 9 10,"O-M:2,O-B:3,O-N:2,O-A:2",0.00856766,0.00856766,-15.906304,-6.743e-10,False,0.00856756,-15.984335,False
1 2 3 4 5 8 9 10 11,"O-M:2,O-B:3,O-N:1,O-A:3",0.00226236,0.00043078,-22.753485,1.832e-03,False,0.00226236,-16.749232,False
1 2 3 4 6 7 8 9 10,"O-M:2,O-B:2,O-N:3,O-A:2",0.00604403,0.00604403,-16.685276,-1.214e-10,False,0.00604402,-16.030161,False
1 2 3 4 6 7 9 10 11,"O-M:2,O-B:2,O-N:2,O-A:3",0.00286649,0.00014917,-23.126953,2.717e-03,False,0.00283651,-17.974197,False
1 2 3 4 5 6 8 9 11,"O-M:2,O-B:3,O-N:2,O-A:2",0.00794108,0.00284548,-23.475562,5.096e-03,True,,,False
1 2 3 4 5 7 8 10 11,"O-M:2,O-B:3,O-N:2,O-A:2",0.00695954,0.00061382,-21.282429,6.346e-03,False,0.00504246,-20.971536,False
1 2 3 4 5 7 8 9 11,"O-M:2,O-B:3,O-N:2,O-A:2",0.00691520,0.00042755,-22.833527,6.488e-03,True,,,False
1 2 3 4 6 8 9 10 11,"O-M:2,O-B:2,O-N:2,O-A:3",0.00733034,0.00017198,-23.070382,7.158e-03,False,0.00357102,-22.749587,False
1 2 3 5 6 7 8 9 11,"O-M:2,O-B:2,O-N:3,O-A:2",0.00937438,0.00874798,-17.746887,6.264e-04,False,0.00904768,-19.125424,False
1 2 3 4 7 8 9 10 11,"O-M:2,O-B:2,O-N:2,O-A:3",0.00856766,0.00856766,-15.906207,-7.732e-11,False,0.00856748,-15.939706,False
1 2 3 5 6 7 9 10 11,"O-M:2,O-B:2,O-N:2,O-A:3",0.00295595,0.00004495,-28.481464,2.911e-03,False,0.00289701,-21.582215,False
1 2 3 4 6 7 8 9 11,"O-M:2,O-B:2,O-N:3,O-A:2",0.00822937,0.00009706,-23.122079,8.132e-03,True,,,False
1 2 3 5 6 8 9 10 11,"O-M:2,O-B:2,O-N:2,O-A:3",0.00794108,0.00284550,-23.475665,5.096e-03,False,0.00672064,-21.828980,False
1 2 3 4 6 7 8 10 11,"O-M:2,O-B:2,O-N:3,O-A:2",0.00662126,0.00031611,-31.350261,6.305e-03,False,0.00407420,-21.632723,False
1 2 3 5 7 8 9 10 11,"O-M:2,O-B:2,O-N:2,O-A:3",0.00691520,0.00042719,-22.834254,6.488e-03,False,0.00673330,-18.985152,False
1 2 3 5 6 7 8 9 10,"O-M:2,O-B:2,O-N:3,O-A:2",0.00822938,0.00009073,-23.189361,8.139e-03,True,,,False
1 2 4 5 6 7 9 10 11,"O-M:2,O-B:2,O-N:2,O-A:3",0.00426086,0.00040847,-21.445833,3.852e-03,False,0.00336990,-20.046830,False
1 2 4 5 6 8 9 10 11,"O-M:2,O-B:2,O-N:2,O-A:3",0.00664779,0.00005381,-26.176522,6.594e-03,False,0.00161379,-26.289493,False
1 2 3 5 6 7 8 10 11,"O-M:2,O-B:2,O-N:3,O-A:2",0.00790426,0.00075077,-24.213870,7.153e-03,True,,,False
1 2 4 5 7 8 9 10 11,"O-M:2,O-B:2,O-N:2,O-A:3",0.00695954,0.00061369,-21.283207,6.346e-03,False,0.00505346,-21.168019,False
1 2 3 6 7 8 9 10 11,"O-M:2,O-B:1,O-N:3,O-A:3",0.00645360,0.00047622,-25.509205,5.977e-03,True,,,False
1 3 4 5 6 7 8 9 10,"O-M:1,O-B:3,O-N:3,O-A:2",0.00294213,0.00294213,-20.028557,-1.478e-09,False,0.00294113,-19.303913,False
1 2 4 5 6 7 8 9 10,"O-M:2,O-B:2,O-N:3,O-A:2",0.00662126,0.00031589,-31.350336,6.305e-03,False,0.00312816,-20.768676,False
1 2 4 5 6 7 8 10 11,"O-M:2,O-B:2,O-N:3,O-A:2",0.00000000,0.00000000,-inf,0.000e+00,True,,,False
1 2 4 5 6 7 8 9 11,"O-M:2,O-B:2,O-N:3,O-A:2",0.00790426,0.00075100,-24.214256,7.153e-03,True,,,False
1 3 4 5 6 8 9 10 11,"O-M:1,O-B:3,O-N:2,O-A:3",0.00273116,0.00187871,-20.437701,8.525e-04,False,0.00273116,-15.440295,False
1 3 4 5 7 8 9 10 11,"O-M:1,O-B:3,O-N:2,O-A:3",0.00453847,0.00408880,-18.952586,4.497e-04,False,0.00453847,-14.752413,False
1 3 4 5 6 7 8 10 11,"O-M:1,O-B:3,O-N:3,O-A:2",0.00418911,0.00102180,-23.311322,3.167e-03,False,0.00412393,-22.016251,False
1 2 4 6 7 8 9 10 11,"O-M:2,O-B:1,O-N:3,O-A:3",0.00693866,0.00003190,-24.030542,6.907e-03,True,,,False
1 2 5 6 7 8 9 10 11,"O-M:2,O-B:1,O-N:3,O-A:3",0.00741716,0.00070638,-25.052268,6.711e-03,False,0.00574703,-22.355114,False
1 3 4 6 7 8 9 10 11,"O-M:1,O-B:2,O-N:3,O-A:3",0.00294213,0.00294213,-20.024353,-1.641e-09,False,0.00294145,-18.864816,False
2 3 4 5 6 7 8 9 10,"O-M:1,O-B:3,O-N:3,O-A:2",0.00395080,0.00395080,-17.933530,-6.391e-10,False,0.00395076,-17.906124,False
1 3 4 5 6 7 8 9 11,"O-M:1,O-B:3,O-N:3,O-A:2",0.00402389,0.00000633,-26.091509,4.018e-03,True,,,False
2 3 4 5 6 7 8 9 11,"O-M:1,O-B:3,O-N:3,O-A:2",0.00349857,0.00022181,-25.160517,3.277e-03,False,0.00348996,-23.292071,False
1 4 5 6 7 8 9 10 11,"O-M:1,O-B:2,O-N:3,O-A:3",0.00418911,0.00102183,-23.311436,3.167e-03,False,0.00412001,-21.634722,False
2 3 4 5 6 7 9 10 11,"O-M:1,O-B:3,O-N:2,O-A:3",0.00125653,0.00092512,-31.683260,3.314e-04,False,0.00125647,-30.330097,False
1 3 4 5 6 7 9 10 11,"O-M:1,O-B:3,O-N:2,O-A:3",0.00000000,0.00000000,-inf,0.000e+00,True,,,False
2 3 4 5 6 8 9 10 11,"O-M:1,O-B:3,O-N:2,O-A:3",0.00529246,0.00529246,-19.895084,-3.326e-10,False,0.00529245,-17.690212,False
2 3 4 5 7 8 9 10 11,"O-M:1,O-B:3,O-N:2,O-A:3",0.00256567,0.00256567,-17.759860,-4.312e-10,False,0.00256567,-16.549652,False
2 3 4 6 7 8 9 10 11,"O-M:1,O-B:2,O-N:3,O-A:3",0.00395080,0.00395080,-17.933448,-7.713e-10,False,0.00395069,-17.921987,False
3 4 5 6 7 8 9 10 11,"O-M:0,O-B:3,O-N:3,O-A:3",0.00474037,0.00474037,-16.612302,-5.682e-10,False,0.00474037,-16.608974,False
1 3 5 6 7 8 9 10 11,"O-M:1,O-B:2,O-N:3,O-A:3",0.00402389,0.00000632,-26.101308,4.018e-03,True,,,False
2 3 4 5 6 7 8 10 11,"O-M:1,O-B:3,O-N:3,O-A:2",0.00434362,0.00035977,-22.447608,3.984e-03,True,,,False
2 3 5 6 7 8 9 10 11,"O-M:1,O-B:2,O-N:3,O-A:3",0.00349857,0.00022226,-25.158358,3.276e-03,True,,,False
2 4 5 6 7 8 9 10 11,"O-M:1,O-B:2,O-N:3,O-A:3",0.00434362,0.00035975,-22.449543,3.984e-03,True,,,False
